[1,["2f8tjvaaRGC78i0H+I5twd@f9941","9at9XRsrJKzrpRMjSUgIdY","7dj5uJT9FMn6OrOOx83tfK@f9941","54QH/cJjhLQIdR/i/XJyYI@f9941","1fFrygaTpKyrLlqXvG9mIe@f9941","1fFrygaTpKyrLlqXvG9mIe@6c48a","2dfK1+NqhC8K6plrcbULHW@6c48a","2f8tjvaaRGC78i0H+I5twd@6c48a","2dfK1+NqhC8K6plrcbULHW@f9941","86Nf1utaFF3plUXgFHObv5@f9941","54QH/cJjhLQIdR/i/XJyYI@6c48a","7dj5uJT9FMn6OrOOx83tfK@6c48a","86Nf1utaFF3plUXgFHObv5@6c48a"],["node","_spriteFrame","_font","_parent","_textureSource","_cameraComponent","tubeNode","scene"],[["cc.Node",["_name","_layer","_id","_active","_components","_parent","_children","_lpos","_lscale"],-1,9,1,2,5,5],"cc.ImageAsset","cc.Texture2D","cc.SpriteFrame",["cc.RigidBody2D",["enabledContactListener","bullet","_gravityScale","_type","_enabled","node"],-2,1],["cc.Sprite",["_sizeMode","node","_spriteFrame","_color"],2,1,6,5],["cc.Layout",["_layoutType","_paddingRight","_paddingLeft","_spacingX","_horizontalDirection","node"],-2,1],["cc.Widget",["_alignFlags","_originalWidth","_right","_originalHeight","_left","node"],-2,1],["cc.UITransform",["node","_contentSize"],3,1,5],["cc.PolygonCollider2D",["_friction","node","_points"],2,1,12],["cc.CircleCollider2D",["_group","_friction","_radius","_restitution","node"],-1,1],["cc.Label",["_string","_actualFontSize","_fontSize","_isSystemFontUsed","_cacheMode","_lineHeight","node","_color","_font"],-3,1,5,6],["99100wS6DlLk6Y3PUv5z6rh",["startNum","node","ballLayout"],2,1,1],["RenderQueueDesc",["stages","isTransparent","sortMode"],0],["cc.SceneAsset",["_name"],2],["cc.Node",["_name","_layer","_parent","_children","_components","_lpos"],1,1,2,12,5],["cc.Node",["_name","_parent","_components","_lpos"],2,1,2,5],["cc.Canvas",["node","_cameraComponent"],3,1,1],["b0525FzmP9FmI7IJ091Tkz5",["_enabled","count","node"],1,1],["cc.Mask",["_type","_inverted","node"],1,1],["cc.Graphics",["node","_fillColor"],3,1,5],["cc.LabelOutline",["_width","node","_color"],2,1,5],["a32b8yG+hZLIIv36chxvu5E",["node","ballLayout","ballPrefab"],3,1,1,1],["cc.Scene",["_name","_children","_globals"],2,2,4],["cc.SceneGlobals",["ambient","shadows","_skybox","fog","octree","skin","lightProbeInfo","postSettings"],3,4,4,4,4,4,4,4,4],["cc.AmbientInfo",["_skyColorHDR","_groundAlbedoHDR"],3,5,5],["cc.ShadowsInfo",["_shadowColor","_size"],3,5,5],["cc.SkyboxInfo",[],3],["cc.FogInfo",[],3],["cc.OctreeInfo",[],3],["cc.SkinInfo",[],3],["cc.LightProbeInfo",[],3],["cc.PostSettingsInfo",[],3],["f2b98Rc5sxPMqXU52i9V2PT",["node","circleList","tubeNode","lineNode"],3,1,2,1,1],["d4c58NWoqdKHoP1lfcsHMs1",["node","ballLayout","ballPrefab","line"],3,1,1,1,1],["cc.Camera",["_projection","_orthoHeight","_near","_visibility","node","_color"],-1,1,5],["cc.TTFFont",["_name","_native"],1],["cc.PhysicsMaterial",["_name","_friction","_rollingFriction","_spinningFriction","_restitution"],-2],["ForwardPipeline",["_flows"],3,9],["ShadowFlow",["_name","_stages"],2,9],["ShadowStage",["_name"],2],["ForwardFlow",["_name","_priority","_stages"],1,9],["ForwardStage",["_name","renderQueues"],2,9]],[[8,0,1,1],[0,0,1,5,4,3],[7,0,1,3,5,4],[5,0,1,2,2],[21,0,1,2,2],[0,0,1,5,6,4,7,8,3],[11,0,1,2,3,4,6,7,8,6],[10,0,1,3,2,4,5],[4,0,1,2,5,4],[0,0,1,6,4,3],[4,0,2,5,3],[11,0,1,2,5,3,4,6,7,8,7],[0,0,1,5,6,4,7,3],[15,0,1,2,3,4,5,3],[5,0,1,3,2,2],[0,0,1,5,4,7,8,3],[4,3,5,2],[0,0,3,1,5,6,4,4],[9,0,1,2,2],[18,0,1,2,3],[19,0,1,2,3],[20,0,1,1],[0,0,1,5,4,7,3],[6,0,2,1,5,4],[5,1,3,2,1],[12,0,1,2,2],[14,0,2],[0,0,1,2,6,4,7,4],[0,0,1,5,6,4,3],[16,0,1,2,3,2],[8,0,1],[6,0,5,2],[6,0,1,3,4,5,5],[7,0,4,2,5,4],[7,0,2,1,5,4],[17,0,1,1],[9,1,2,1],[4,4,0,1,5,4],[10,0,1,2,4,4],[5,1,2,1],[22,0,1,2,1],[23,0,1,2,2],[24,0,1,2,3,4,5,6,7,1],[25,0,1,1],[26,0,1,1],[27,1],[28,1],[29,1],[30,1],[31,1],[32,1],[33,0,1,2,3,1],[12,1,2,1],[34,0,1,2,3,1],[35,0,1,2,3,4,5,5],[36,0,1,3],[37,0,1,2,3,4,6],[38,0,1],[39,0,1,2],[40,0,2],[41,0,1,2,3],[42,0,1,2],[13,0,2],[13,1,2,0,4]],[[[{"fmt":"0","w":0,"h":0},-1],[1],0,[],[],[]],[[{"base":"2,2,2,2,0,0","mipmaps":["1fFrygaTpKyrLlqXvG9mIe"]}],[2],0,[],[],[]],[[{"name":"glass_ball","rect":{"x":81,"y":94,"width":1886,"height":1876},"offset":{"x":0,"y":-8},"originalSize":{"width":2048,"height":2048},"rotated":false,"capInsets":[0,0,0,0],"vertices":{"rawPosition":[-943,-938,0,943,-938,0,-943,938,0,943,938,0],"indexes":[0,1,2,2,1,3],"uv":[81,1954,1967,1954,81,78,1967,78],"nuv":[0.03955078125,0.0380859375,0.96044921875,0.0380859375,0.03955078125,0.9541015625,0.96044921875,0.9541015625],"minPos":{"x":-943,"y":-938,"z":0},"maxPos":{"x":943,"y":938,"z":0}},"packable":true,"pixelsToUnit":100,"pivot":{"x":0.5,"y":0.5},"meshType":0}],[3],0,[0],[4],[5]],[[{"fmt":"0","w":0,"h":0},-1],[1],0,[],[],[]],[[{"base":"2,2,2,2,0,0","mipmaps":["2dfK1+NqhC8K6plrcbULHW"]}],[2],0,[],[],[]],[[{"name":"bg","rect":{"x":0,"y":0,"width":1024,"height":1024},"offset":{"x":0,"y":0},"originalSize":{"width":1024,"height":1024},"rotated":false,"capInsets":[0,0,0,0],"vertices":{"rawPosition":[-512,-512,0,512,-512,0,-512,512,0,512,512,0],"indexes":[0,1,2,2,1,3],"uv":[0,1024,1024,1024,0,0,1024,0],"nuv":[0,0,1,0,0,1,1,1],"minPos":{"x":-512,"y":-512,"z":0},"maxPos":{"x":512,"y":512,"z":0}},"packable":true,"pixelsToUnit":100,"pivot":{"x":0.5,"y":0.5},"meshType":0}],[3],0,[0],[4],[6]],[[{"fmt":"0","w":0,"h":0},-1],[1],0,[],[],[]],[[{"base":"2,2,2,2,0,0","mipmaps":["2f8tjvaaRGC78i0H+I5twd"]}],[2],0,[],[],[]],[[{"name":"ppball2","rect":{"x":4,"y":1,"width":196,"height":200},"offset":{"x":-0.5,"y":1.5},"originalSize":{"width":205,"height":205},"rotated":false,"capInsets":[0,0,0,0],"vertices":{"rawPosition":[-98,-100,0,98,-100,0,-98,100,0,98,100,0],"indexes":[0,1,2,2,1,3],"uv":[4,204,200,204,4,4,200,4],"nuv":[0.01951219512195122,0.01951219512195122,0.975609756097561,0.01951219512195122,0.01951219512195122,0.9951219512195122,0.975609756097561,0.9951219512195122],"minPos":{"x":-98,"y":-100,"z":0},"maxPos":{"x":98,"y":100,"z":0}},"packable":true,"pixelsToUnit":100,"pivot":{"x":0.5,"y":0.5},"meshType":0}],[3],0,[0],[4],[7]],[[[26,"main"],[9,"Layout",33554432,[-3,-4,-5,-6,-7,-8,-9,-10,-11,-12,-13,-14,-15,-16,-17,-18,-19,-20],[[0,-1,[5,300,100]],[23,3,100,-100,-2]]],[9,"Layout",33554432,[-23,-24,-25,-26,-27,-28,-29,-30,-31,-32,-33,-34,-35,-36,-37,-38,-39],[[0,-21,[5,300,100]],[31,3,-22]]],[9,"Layout",33554432,[-42,-43,-44,-45,-46,-47,-48,-49,-50,-51,-52,-53,-54,-55,-56,-57],[[0,-40,[5,300,100]],[23,3,-80,80,-41]]],[9,"layout",33554432,[-61,-62,-63,-64,-65,-66,-67,-68,-69,-70,-71,-72,-73,-74,-75],[[0,-58,[5,780,60]],[2,45,100,100,-59],[32,1,1,2,1,-60]]],[27,"Canvas",33554432,"beI88Z2HpFELqR4T5EMHpg",[-80,-81,-82,-83,-84,-85,-86,-87,-88,-89,-90],[[0,-76,[5,960,425]],[35,-78,-77],[33,45,5.684341886080802e-14,5.684341886080802e-14,-79]],[1,480.00000000000006,212.5,0]],[13,"TubeNode",33554432,5,[-95,-96,-97,-98],[[[0,-91,[5,100,400]],[36,-92,[[[0,-50,-400],[0,-50,400],[0,-45,400],[0,-45,-395],[0,45,-395],[0,45,400],[0,50,400],[0,50,-400]],8,8,8,8,8,8,8,8]],[16,1,-93],-94],4,4,4,1],[1,394.921,-34.751,0]],[13,"CircleNode-000",33554432,5,[-104,2],[[[0,-99,[5,620,620]],[19,false,18,-100],[18,0,-101,[[[0,0,-310],[0,-310,-310],[0,-310,310],[0,310,310],[0,310,-310],[0,1.8982025386783973e-14,-310],[0,106.02624443095733,-291.30471244363156],[0,199.2641590028272,-237.47377736688318],[0,268.46787517317597,-155],[0,305.2904034337845,-53.83093507674841],[0,305.2904034337845,53.83093507674841],[0,268.467875173176,154.99999999999994],[0,199.26415900282723,237.47377736688316],[0,106.02624443095733,291.30471244363156],[0,1.8982025386783973e-14,310],[0,-106.0262444309573,291.3047124436316],[0,-199.2641590028272,237.47377736688318],[0,-268.4678751731759,155.0000000000001],[0,-305.2904034337845,53.83093507674838],[0,-305.29040343378455,-53.83093507674831],[0,-268.46787517317597,-155.00000000000003],[0,-199.26415900282723,-237.47377736688316],[0,-106.0262444309575,-291.30471244363156]],8,8,8,8,8,8,8,8,8,8,8,8,8,8,8,8,8,8,8,8,8,8,8]],[16,1,-102],-103],4,4,4,4,1],[1,-92,-120,0]],[13,"CircleNode-001",33554432,5,[-110,1],[[[0,-105,[5,620,620]],[19,false,18,-106],[18,0,-107,[[[0,0,-310],[0,-310,-310],[0,-310,310],[0,310,310],[0,310,-310],[0,1.8982025386783973e-14,-310],[0,106.02624443095733,-291.30471244363156],[0,199.2641590028272,-237.47377736688318],[0,268.46787517317597,-155],[0,305.2904034337845,-53.83093507674841],[0,305.2904034337845,53.83093507674841],[0,268.467875173176,154.99999999999994],[0,199.26415900282723,237.47377736688316],[0,106.02624443095733,291.30471244363156],[0,1.8982025386783973e-14,310],[0,-106.0262444309573,291.3047124436316],[0,-199.2641590028272,237.47377736688318],[0,-268.4678751731759,155.0000000000001],[0,-305.2904034337845,53.83093507674838],[0,-305.29040343378455,-53.83093507674831],[0,-268.46787517317597,-155.00000000000003],[0,-199.26415900282723,-237.47377736688316],[0,-106.0262444309575,-291.30471244363156]],8,8,8,8,8,8,8,8,8,8,8,8,8,8,8,8,8,8,8,8,8,8,8]],[16,1,-108],-109],4,4,4,4,1],[1,-92,-120,0]],[13,"CircleNode-002",33554432,5,[-116,3],[[[0,-111,[5,520,520]],[19,false,18,-112],[18,0,-113,[[[0,0,-310],[0,-310,-310],[0,-310,310],[0,310,310],[0,310,-310],[0,1.8982025386783973e-14,-310],[0,106.02624443095733,-291.30471244363156],[0,199.2641590028272,-237.47377736688318],[0,268.46787517317597,-155],[0,305.2904034337845,-53.83093507674841],[0,305.2904034337845,53.83093507674841],[0,268.467875173176,154.99999999999994],[0,199.26415900282723,237.47377736688316],[0,106.02624443095733,291.30471244363156],[0,1.8982025386783973e-14,310],[0,-106.0262444309573,291.3047124436316],[0,-199.2641590028272,237.47377736688318],[0,-268.4678751731759,155.0000000000001],[0,-305.2904034337845,53.83093507674838],[0,-305.29040343378455,-53.83093507674831],[0,-268.46787517317597,-155.00000000000003],[0,-199.26415900282723,-237.47377736688316],[0,-106.0262444309575,-291.30471244363156]],8,8,8,8,8,8,8,8,8,8,8,8,8,8,8,8,8,8,8,8,8,8,8]],[16,1,-114],-115],4,4,4,4,1],[1,-92,-120,0]],[5,"Ball",33554432,6,[-120,-121],[[0,-117,[5,50,50]],[38,8,0.1,25,-118],[37,false,true,true,-119]],[1,0,380,0],[1,1.7,1.7,1]],[17,"Mask",false,33554432,7,[-126],[[0,-122,[5,620,620]],[20,1,true,-123],[21,-124,[4,16777215]],[2,45,100,100,-125]]],[5,"Ball - 001",33554432,2,[-130,-131],[[0,-127,[5,50,50]],[7,8,0.1,1,25,-128],[10,true,8,-129]],[1,-125,25,0],[1,1.5,1.5,1]],[5,"Ball - 002",33554432,2,[-135,-136],[[0,-132,[5,50,50]],[7,8,0.1,1,25,-133],[10,true,8,-134]],[1,-75,25,0],[1,1.5,1.5,1]],[5,"Ball - 003",33554432,2,[-140,-141],[[0,-137,[5,50,50]],[7,8,0.1,1,25,-138],[10,true,8,-139]],[1,-25,25,0],[1,1.5,1.5,1]],[5,"Ball - 004",33554432,2,[-145,-146],[[0,-142,[5,50,50]],[7,8,0.1,1,25,-143],[10,true,8,-144]],[1,25,25,0],[1,1.5,1.5,1]],[5,"Ball - 005",33554432,2,[-150,-151],[[0,-147,[5,50,50]],[7,8,0.1,1,25,-148],[10,true,8,-149]],[1,75,25,0],[1,1.5,1.5,1]],[5,"Ball - 006",33554432,2,[-155,-156],[[0,-152,[5,50,50]],[7,8,0.1,1,25,-153],[10,true,8,-154]],[1,125,25,0],[1,1.5,1.5,1]],[5,"Ball - 007",33554432,2,[-160,-161],[[0,-157,[5,50,50]],[7,8,0.1,1,25,-158],[10,true,8,-159]],[1,-125,-25,0],[1,1.5,1.5,1]],[5,"Ball - 008",33554432,2,[-165,-166],[[0,-162,[5,50,50]],[7,8,0.1,1,25,-163],[10,true,8,-164]],[1,-75,-25,0],[1,1.5,1.5,1]],[5,"Ball - 009",33554432,2,[-170,-171],[[0,-167,[5,50,50]],[7,8,0.1,1,25,-168],[10,true,8,-169]],[1,-25,-25,0],[1,1.5,1.5,1]],[5,"Ball - 010",33554432,2,[-175,-176],[[0,-172,[5,50,50]],[7,8,0.1,1,25,-173],[10,true,8,-174]],[1,25,-25,0],[1,1.5,1.5,1]],[5,"Ball - 011",33554432,2,[-180,-181],[[0,-177,[5,50,50]],[7,8,0.1,1,25,-178],[10,true,8,-179]],[1,75,-25,0],[1,1.5,1.5,1]],[5,"Ball - 012",33554432,2,[-185,-186],[[0,-182,[5,50,50]],[7,8,0.1,1,25,-183],[10,true,8,-184]],[1,125,-25,0],[1,1.5,1.5,1]],[5,"Ball - 013",33554432,2,[-190,-191],[[0,-187,[5,50,50]],[7,8,0.1,1,25,-188],[10,true,8,-189]],[1,-125,-75,0],[1,1.5,1.5,1]],[5,"Ball - 014",33554432,2,[-195,-196],[[0,-192,[5,50,50]],[7,8,0.1,1,25,-193],[10,true,8,-194]],[1,-75,-75,0],[1,1.5,1.5,1]],[5,"Ball - 015",33554432,2,[-200,-201],[[0,-197,[5,50,50]],[7,8,0.1,1,25,-198],[10,true,8,-199]],[1,-25,-75,0],[1,1.5,1.5,1]],[5,"Ball - 016",33554432,2,[-205,-206],[[0,-202,[5,50,50]],[7,8,0.1,1,25,-203],[10,true,8,-204]],[1,25,-75,0],[1,1.5,1.5,1]],[5,"Ball - 017",33554432,2,[-210,-211],[[0,-207,[5,50,50]],[7,8,0.1,1,25,-208],[10,true,8,-209]],[1,75,-75,0],[1,1.5,1.5,1]],[17,"Mask",false,33554432,8,[-216],[[0,-212,[5,620,620]],[20,1,true,-213],[21,-214,[4,16777215]],[2,45,100,100,-215]]],[5,"Ball - 001",33554432,1,[-220,-221],[[0,-217,[5,50,50]],[7,4,0.1,1,25,-218],[8,true,true,8,-219]],[1,-25,25,0],[1,1.5,1.5,1]],[5,"Ball - 002",33554432,1,[-225,-226],[[0,-222,[5,50,50]],[7,4,0.1,1,25,-223],[8,true,true,8,-224]],[1,25,25,0],[1,1.5,1.5,1]],[5,"Ball - 003",33554432,1,[-230,-231],[[0,-227,[5,50,50]],[7,4,0.1,1,25,-228],[8,true,true,8,-229]],[1,75,25,0],[1,1.5,1.5,1]],[5,"Ball - 004",33554432,1,[-235,-236],[[0,-232,[5,50,50]],[7,4,0.1,1,25,-233],[8,true,true,8,-234]],[1,125,25,0],[1,1.5,1.5,1]],[5,"Ball - 005",33554432,1,[-240,-241],[[0,-237,[5,50,50]],[7,4,0.1,1,25,-238],[8,true,true,8,-239]],[1,175,25,0],[1,1.5,1.5,1]],[5,"Ball - 006",33554432,1,[-245,-246],[[0,-242,[5,50,50]],[7,4,0.1,1,25,-243],[8,true,true,8,-244]],[1,225,25,0],[1,1.5,1.5,1]],[5,"Ball - 007",33554432,1,[-250,-251],[[0,-247,[5,50,50]],[7,4,0.1,1,25,-248],[8,true,true,8,-249]],[1,-25,-25,0],[1,1.5,1.5,1]],[5,"Ball - 008",33554432,1,[-255,-256],[[0,-252,[5,50,50]],[7,4,0.1,1,25,-253],[8,true,true,8,-254]],[1,25,-25,0],[1,1.5,1.5,1]],[5,"Ball - 009",33554432,1,[-260,-261],[[0,-257,[5,50,50]],[7,4,0.1,1,25,-258],[8,true,true,8,-259]],[1,75,-25,0],[1,1.5,1.5,1]],[5,"Ball - 010",33554432,1,[-265,-266],[[0,-262,[5,50,50]],[7,4,0.1,1,25,-263],[8,true,true,8,-264]],[1,125,-25,0],[1,1.5,1.5,1]],[5,"Ball - 011",33554432,1,[-270,-271],[[0,-267,[5,50,50]],[7,4,0.1,1,25,-268],[8,true,true,8,-269]],[1,175,-25,0],[1,1.5,1.5,1]],[5,"Ball - 012",33554432,1,[-275,-276],[[0,-272,[5,50,50]],[7,4,0.1,1,25,-273],[8,true,true,8,-274]],[1,225,-25,0],[1,1.5,1.5,1]],[5,"Ball - 013",33554432,1,[-280,-281],[[0,-277,[5,50,50]],[7,4,0.1,1,25,-278],[8,true,true,8,-279]],[1,-25,-75,0],[1,1.5,1.5,1]],[5,"Ball - 014",33554432,1,[-285,-286],[[0,-282,[5,50,50]],[7,4,0.1,1,25,-283],[8,true,true,8,-284]],[1,25,-75,0],[1,1.5,1.5,1]],[5,"Ball - 015",33554432,1,[-290,-291],[[0,-287,[5,50,50]],[7,4,0.1,1,25,-288],[8,true,true,8,-289]],[1,75,-75,0],[1,1.5,1.5,1]],[5,"Ball - 016",33554432,1,[-295,-296],[[0,-292,[5,50,50]],[7,4,0.1,1,25,-293],[8,true,true,8,-294]],[1,125,-75,0],[1,1.5,1.5,1]],[5,"Ball - 017",33554432,1,[-300,-301],[[0,-297,[5,50,50]],[7,4,0.1,1,25,-298],[8,true,true,8,-299]],[1,175,-75,0],[1,1.5,1.5,1]],[5,"Ball - 018",33554432,1,[-305,-306],[[0,-302,[5,50,50]],[7,4,0.1,1,25,-303],[8,true,true,8,-304]],[1,225,-75,0],[1,1.5,1.5,1]],[17,"Mask",false,33554432,9,[-311],[[0,-307,[5,620,620]],[20,1,true,-308],[21,-309,[4,16777215]],[2,45,100,100,-310]]],[5,"Ball - 001",33554432,3,[-315,-316],[[0,-312,[5,50,50]],[7,2,0.1,1,25,-313],[8,true,true,8,-314]],[1,-205,25,0],[1,1.5,1.5,1]],[5,"Ball - 002",33554432,3,[-320,-321],[[0,-317,[5,50,50]],[7,2,0.1,1,25,-318],[8,true,true,8,-319]],[1,-155,25,0],[1,1.5,1.5,1]],[5,"Ball - 003",33554432,3,[-325,-326],[[0,-322,[5,50,50]],[7,2,0.1,1,25,-323],[8,true,true,8,-324]],[1,-105,25,0],[1,1.5,1.5,1]],[5,"Ball - 004",33554432,3,[-330,-331],[[0,-327,[5,50,50]],[7,2,0.1,1,25,-328],[8,true,true,8,-329]],[1,-55,25,0],[1,1.5,1.5,1]],[5,"Ball - 005",33554432,3,[-335,-336],[[0,-332,[5,50,50]],[7,2,0.1,1,25,-333],[8,true,true,8,-334]],[1,-5,25,0],[1,1.5,1.5,1]],[5,"Ball - 006",33554432,3,[-340,-341],[[0,-337,[5,50,50]],[7,2,0.1,1,25,-338],[8,true,true,8,-339]],[1,45,25,0],[1,1.5,1.5,1]],[5,"Ball - 007",33554432,3,[-345,-346],[[0,-342,[5,50,50]],[7,2,0.1,1,25,-343],[8,true,true,8,-344]],[1,-205,-25,0],[1,1.5,1.5,1]],[5,"Ball - 008",33554432,3,[-350,-351],[[0,-347,[5,50,50]],[7,2,0.1,1,25,-348],[8,true,true,8,-349]],[1,-155,-25,0],[1,1.5,1.5,1]],[5,"Ball - 009",33554432,3,[-355,-356],[[0,-352,[5,50,50]],[7,2,0.1,1,25,-353],[8,true,true,8,-354]],[1,-105,-25,0],[1,1.5,1.5,1]],[5,"Ball - 010",33554432,3,[-360,-361],[[0,-357,[5,50,50]],[7,2,0.1,1,25,-358],[8,true,true,8,-359]],[1,-55,-25,0],[1,1.5,1.5,1]],[5,"Ball - 011",33554432,3,[-365,-366],[[0,-362,[5,50,50]],[7,2,0.1,1,25,-363],[8,true,true,8,-364]],[1,-5,-25,0],[1,1.5,1.5,1]],[5,"Ball - 012",33554432,3,[-370,-371],[[0,-367,[5,50,50]],[7,2,0.1,1,25,-368],[8,true,true,8,-369]],[1,45,-25,0],[1,1.5,1.5,1]],[5,"Ball - 013",33554432,3,[-375,-376],[[0,-372,[5,50,50]],[7,2,0.1,1,25,-373],[8,true,true,8,-374]],[1,-205,-75,0],[1,1.5,1.5,1]],[5,"Ball - 014",33554432,3,[-380,-381],[[0,-377,[5,50,50]],[7,2,0.1,1,25,-378],[8,true,true,8,-379]],[1,-155,-75,0],[1,1.5,1.5,1]],[5,"Ball - 015",33554432,3,[-385,-386],[[0,-382,[5,50,50]],[7,2,0.1,1,25,-383],[8,true,true,8,-384]],[1,-105,-75,0],[1,1.5,1.5,1]],[5,"Ball - 016",33554432,3,[-390,-391],[[0,-387,[5,50,50]],[7,2,0.1,1,25,-388],[8,true,true,8,-389]],[1,-55,-75,0],[1,1.5,1.5,1]],[13,"LineNode",33554432,5,[-395,4],[[[0,-392,[5,780,60]],[34,44,180,100,-393],-394],4,4,1],[1,-90,-182.5,0]],[9,"SpriteSplash",33554432,[-399],[[0,-396,[5,50,50]],[3,0,-397,111],[2,45,100,100,-398]]],[9,"SpriteSplash",33554432,[-403],[[0,-400,[5,50,50]],[3,0,-401,113],[2,45,100,100,-402]]],[9,"SpriteSplash",33554432,[-407],[[0,-404,[5,50,50]],[3,0,-405,115],[2,45,100,100,-406]]],[9,"SpriteSplash",33554432,[-411],[[0,-408,[5,50,50]],[3,0,-409,117],[2,45,100,100,-410]]],[9,"SpriteSplash",33554432,[-415],[[0,-412,[5,50,50]],[3,0,-413,119],[2,45,100,100,-414]]],[9,"SpriteSplash",33554432,[-419],[[0,-416,[5,50,50]],[3,0,-417,121],[2,45,100,100,-418]]],[9,"SpriteSplash",33554432,[-423],[[0,-420,[5,50,50]],[3,0,-421,123],[2,45,100,100,-422]]],[9,"SpriteSplash",33554432,[-427],[[0,-424,[5,50,50]],[3,0,-425,125],[2,45,100,100,-426]]],[9,"SpriteSplash",33554432,[-431],[[0,-428,[5,50,50]],[3,0,-429,127],[2,45,100,100,-430]]],[9,"SpriteSplash",33554432,[-435],[[0,-432,[5,50,50]],[3,0,-433,129],[2,45,100,100,-434]]],[9,"SpriteSplash",33554432,[-439],[[0,-436,[5,50,50]],[3,0,-437,131],[2,45,100,100,-438]]],[9,"SpriteSplash",33554432,[-443],[[0,-440,[5,50,50]],[3,0,-441,133],[2,45,100,100,-442]]],[9,"SpriteSplash",33554432,[-447],[[0,-444,[5,50,50]],[3,0,-445,135],[2,45,100,100,-446]]],[9,"SpriteSplash",33554432,[-451],[[0,-448,[5,50,50]],[3,0,-449,137],[2,45,100,100,-450]]],[9,"SpriteSplash",33554432,[-455],[[0,-452,[5,50,50]],[3,0,-453,139],[2,45,100,100,-454]]],[1,"SpriteSplash",33554432,11,[[0,-456,[5,620,620]],[14,0,-457,[4,2365587455],0],[2,45,100,100,-458]]],[1,"SpriteSplash",33554432,12,[[0,-459,[5,50,50]],[3,0,-460,1],[2,45,100,100,-461]]],[1,"din-bold-2",33554432,12,[[0,-462,[5,17.287967289719628,51.400000000000006]],[6,"1",40.125,30,false,1,-463,[4,4278190080],2],[4,0.5,-464,[4,4294967295]]]],[1,"SpriteSplash",33554432,13,[[0,-465,[5,50,50]],[3,0,-466,3],[2,45,100,100,-467]]],[1,"din-bold-2",33554432,13,[[0,-468,[5,17.287967289719628,51.400000000000006]],[6,"1",40.125,30,false,1,-469,[4,4278190080],4],[4,0.5,-470,[4,4294967295]]]],[1,"SpriteSplash",33554432,14,[[0,-471,[5,50,50]],[3,0,-472,5],[2,45,100,100,-473]]],[1,"din-bold-2",33554432,14,[[0,-474,[5,17.287967289719628,51.400000000000006]],[6,"1",40.125,30,false,1,-475,[4,4278190080],6],[4,0.5,-476,[4,4294967295]]]],[1,"SpriteSplash",33554432,15,[[0,-477,[5,50,50]],[3,0,-478,7],[2,45,100,100,-479]]],[1,"din-bold-2",33554432,15,[[0,-480,[5,17.287967289719628,51.400000000000006]],[6,"1",40.125,30,false,1,-481,[4,4278190080],8],[4,0.5,-482,[4,4294967295]]]],[1,"SpriteSplash",33554432,16,[[0,-483,[5,50,50]],[3,0,-484,9],[2,45,100,100,-485]]],[1,"din-bold-2",33554432,16,[[0,-486,[5,17.287967289719628,51.400000000000006]],[6,"1",40.125,30,false,1,-487,[4,4278190080],10],[4,0.5,-488,[4,4294967295]]]],[1,"SpriteSplash",33554432,17,[[0,-489,[5,50,50]],[3,0,-490,11],[2,45,100,100,-491]]],[1,"din-bold-2",33554432,17,[[0,-492,[5,17.287967289719628,51.400000000000006]],[6,"1",40.125,30,false,1,-493,[4,4278190080],12],[4,0.5,-494,[4,4294967295]]]],[1,"SpriteSplash",33554432,18,[[0,-495,[5,50,50]],[3,0,-496,13],[2,45,100,100,-497]]],[1,"din-bold-2",33554432,18,[[0,-498,[5,17.287967289719628,51.400000000000006]],[6,"1",40.125,30,false,1,-499,[4,4278190080],14],[4,0.5,-500,[4,4294967295]]]],[1,"SpriteSplash",33554432,19,[[0,-501,[5,50,50]],[3,0,-502,15],[2,45,100,100,-503]]],[1,"din-bold-2",33554432,19,[[0,-504,[5,17.287967289719628,51.400000000000006]],[6,"1",40.125,30,false,1,-505,[4,4278190080],16],[4,0.5,-506,[4,4294967295]]]],[1,"SpriteSplash",33554432,20,[[0,-507,[5,50,50]],[3,0,-508,17],[2,45,100,100,-509]]],[1,"din-bold-2",33554432,20,[[0,-510,[5,17.287967289719628,51.400000000000006]],[6,"1",40.125,30,false,1,-511,[4,4278190080],18],[4,0.5,-512,[4,4294967295]]]],[1,"SpriteSplash",33554432,21,[[0,-513,[5,50,50]],[3,0,-514,19],[2,45,100,100,-515]]],[1,"din-bold-2",33554432,21,[[0,-516,[5,17.287967289719628,51.400000000000006]],[6,"1",40.125,30,false,1,-517,[4,4278190080],20],[4,0.5,-518,[4,4294967295]]]],[1,"SpriteSplash",33554432,22,[[0,-519,[5,50,50]],[3,0,-520,21],[2,45,100,100,-521]]],[1,"din-bold-2",33554432,22,[[0,-522,[5,17.287967289719628,51.400000000000006]],[6,"1",40.125,30,false,1,-523,[4,4278190080],22],[4,0.5,-524,[4,4294967295]]]],[1,"SpriteSplash",33554432,23,[[0,-525,[5,50,50]],[3,0,-526,23],[2,45,100,100,-527]]],[1,"din-bold-2",33554432,23,[[0,-528,[5,17.287967289719628,51.400000000000006]],[6,"1",40.125,30,false,1,-529,[4,4278190080],24],[4,0.5,-530,[4,4294967295]]]],[1,"SpriteSplash",33554432,24,[[0,-531,[5,50,50]],[3,0,-532,25],[2,45,100,100,-533]]],[1,"din-bold-2",33554432,24,[[0,-534,[5,17.287967289719628,51.400000000000006]],[6,"1",40.125,30,false,1,-535,[4,4278190080],26],[4,0.5,-536,[4,4294967295]]]],[1,"SpriteSplash",33554432,25,[[0,-537,[5,50,50]],[3,0,-538,27],[2,45,100,100,-539]]],[1,"din-bold-2",33554432,25,[[0,-540,[5,17.287967289719628,51.400000000000006]],[6,"1",40.125,30,false,1,-541,[4,4278190080],28],[4,0.5,-542,[4,4294967295]]]],[1,"SpriteSplash",33554432,26,[[0,-543,[5,50,50]],[3,0,-544,29],[2,45,100,100,-545]]],[1,"din-bold-2",33554432,26,[[0,-546,[5,17.287967289719628,51.400000000000006]],[6,"1",40.125,30,false,1,-547,[4,4278190080],30],[4,0.5,-548,[4,4294967295]]]],[1,"SpriteSplash",33554432,27,[[0,-549,[5,50,50]],[3,0,-550,31],[2,45,100,100,-551]]],[1,"din-bold-2",33554432,27,[[0,-552,[5,17.287967289719628,51.400000000000006]],[6,"1",40.125,30,false,1,-553,[4,4278190080],32],[4,0.5,-554,[4,4294967295]]]],[1,"SpriteSplash",33554432,28,[[0,-555,[5,50,50]],[3,0,-556,33],[2,45,100,100,-557]]],[1,"din-bold-2",33554432,28,[[0,-558,[5,17.287967289719628,51.400000000000006]],[6,"1",40.125,30,false,1,-559,[4,4278190080],34],[4,0.5,-560,[4,4294967295]]]],[1,"SpriteSplash",33554432,29,[[0,-561,[5,620,620]],[14,0,-562,[4,2365587455],35],[2,45,100,100,-563]]],[1,"SpriteSplash",33554432,30,[[0,-564,[5,50,50]],[3,0,-565,36],[2,45,100,100,-566]]],[1,"din-bold-2",33554432,30,[[0,-567,[5,17.287967289719628,51.400000000000006]],[6,"1",40.125,30,false,1,-568,[4,4278190080],37],[4,0.5,-569,[4,4294967295]]]],[1,"SpriteSplash",33554432,31,[[0,-570,[5,50,50]],[3,0,-571,38],[2,45,100,100,-572]]],[1,"din-bold-2",33554432,31,[[0,-573,[5,17.287967289719628,51.400000000000006]],[6,"1",40.125,30,false,1,-574,[4,4278190080],39],[4,0.5,-575,[4,4294967295]]]],[1,"SpriteSplash",33554432,32,[[0,-576,[5,50,50]],[3,0,-577,40],[2,45,100,100,-578]]],[1,"din-bold-2",33554432,32,[[0,-579,[5,17.287967289719628,51.400000000000006]],[6,"1",40.125,30,false,1,-580,[4,4278190080],41],[4,0.5,-581,[4,4294967295]]]],[1,"SpriteSplash",33554432,33,[[0,-582,[5,50,50]],[3,0,-583,42],[2,45,100,100,-584]]],[1,"din-bold-2",33554432,33,[[0,-585,[5,17.287967289719628,51.400000000000006]],[6,"1",40.125,30,false,1,-586,[4,4278190080],43],[4,0.5,-587,[4,4294967295]]]],[1,"SpriteSplash",33554432,34,[[0,-588,[5,50,50]],[3,0,-589,44],[2,45,100,100,-590]]],[1,"din-bold-2",33554432,34,[[0,-591,[5,17.287967289719628,51.400000000000006]],[6,"1",40.125,30,false,1,-592,[4,4278190080],45],[4,0.5,-593,[4,4294967295]]]],[1,"SpriteSplash",33554432,35,[[0,-594,[5,50,50]],[3,0,-595,46],[2,45,100,100,-596]]],[1,"din-bold-2",33554432,35,[[0,-597,[5,17.287967289719628,51.400000000000006]],[6,"1",40.125,30,false,1,-598,[4,4278190080],47],[4,0.5,-599,[4,4294967295]]]],[1,"SpriteSplash",33554432,36,[[0,-600,[5,50,50]],[3,0,-601,48],[2,45,100,100,-602]]],[1,"din-bold-2",33554432,36,[[0,-603,[5,17.287967289719628,51.400000000000006]],[6,"1",40.125,30,false,1,-604,[4,4278190080],49],[4,0.5,-605,[4,4294967295]]]],[1,"SpriteSplash",33554432,37,[[0,-606,[5,50,50]],[3,0,-607,50],[2,45,100,100,-608]]],[1,"din-bold-2",33554432,37,[[0,-609,[5,17.287967289719628,51.400000000000006]],[6,"1",40.125,30,false,1,-610,[4,4278190080],51],[4,0.5,-611,[4,4294967295]]]],[1,"SpriteSplash",33554432,38,[[0,-612,[5,50,50]],[3,0,-613,52],[2,45,100,100,-614]]],[1,"din-bold-2",33554432,38,[[0,-615,[5,17.287967289719628,51.400000000000006]],[6,"1",40.125,30,false,1,-616,[4,4278190080],53],[4,0.5,-617,[4,4294967295]]]],[1,"SpriteSplash",33554432,39,[[0,-618,[5,50,50]],[3,0,-619,54],[2,45,100,100,-620]]],[1,"din-bold-2",33554432,39,[[0,-621,[5,17.287967289719628,51.400000000000006]],[6,"1",40.125,30,false,1,-622,[4,4278190080],55],[4,0.5,-623,[4,4294967295]]]],[1,"SpriteSplash",33554432,40,[[0,-624,[5,50,50]],[3,0,-625,56],[2,45,100,100,-626]]],[1,"din-bold-2",33554432,40,[[0,-627,[5,17.287967289719628,51.400000000000006]],[6,"1",40.125,30,false,1,-628,[4,4278190080],57],[4,0.5,-629,[4,4294967295]]]],[1,"SpriteSplash",33554432,41,[[0,-630,[5,50,50]],[3,0,-631,58],[2,45,100,100,-632]]],[1,"din-bold-2",33554432,41,[[0,-633,[5,17.287967289719628,51.400000000000006]],[6,"1",40.125,30,false,1,-634,[4,4278190080],59],[4,0.5,-635,[4,4294967295]]]],[1,"SpriteSplash",33554432,42,[[0,-636,[5,50,50]],[3,0,-637,60],[2,45,100,100,-638]]],[1,"din-bold-2",33554432,42,[[0,-639,[5,17.287967289719628,51.400000000000006]],[6,"1",40.125,30,false,1,-640,[4,4278190080],61],[4,0.5,-641,[4,4294967295]]]],[1,"SpriteSplash",33554432,43,[[0,-642,[5,50,50]],[3,0,-643,62],[2,45,100,100,-644]]],[1,"din-bold-2",33554432,43,[[0,-645,[5,17.287967289719628,51.400000000000006]],[6,"1",40.125,30,false,1,-646,[4,4278190080],63],[4,0.5,-647,[4,4294967295]]]],[1,"SpriteSplash",33554432,44,[[0,-648,[5,50,50]],[3,0,-649,64],[2,45,100,100,-650]]],[1,"din-bold-2",33554432,44,[[0,-651,[5,17.287967289719628,51.400000000000006]],[6,"1",40.125,30,false,1,-652,[4,4278190080],65],[4,0.5,-653,[4,4294967295]]]],[1,"SpriteSplash",33554432,45,[[0,-654,[5,50,50]],[3,0,-655,66],[2,45,100,100,-656]]],[1,"din-bold-2",33554432,45,[[0,-657,[5,17.287967289719628,51.400000000000006]],[6,"1",40.125,30,false,1,-658,[4,4278190080],67],[4,0.5,-659,[4,4294967295]]]],[1,"SpriteSplash",33554432,46,[[0,-660,[5,50,50]],[3,0,-661,68],[2,45,100,100,-662]]],[1,"din-bold-2",33554432,46,[[0,-663,[5,17.287967289719628,51.400000000000006]],[6,"1",40.125,30,false,1,-664,[4,4278190080],69],[4,0.5,-665,[4,4294967295]]]],[1,"SpriteSplash",33554432,47,[[0,-666,[5,50,50]],[3,0,-667,70],[2,45,100,100,-668]]],[1,"din-bold-2",33554432,47,[[0,-669,[5,17.287967289719628,51.400000000000006]],[6,"1",40.125,30,false,1,-670,[4,4278190080],71],[4,0.5,-671,[4,4294967295]]]],[1,"SpriteSplash",33554432,48,[[0,-672,[5,620,620]],[14,0,-673,[4,2365587455],72],[2,45,100,100,-674]]],[1,"SpriteSplash",33554432,49,[[0,-675,[5,50,50]],[3,0,-676,73],[2,45,100,100,-677]]],[1,"din-bold-2",33554432,49,[[0,-678,[5,17.287967289719628,51.400000000000006]],[6,"1",40.125,30,false,1,-679,[4,4278190080],74],[4,0.5,-680,[4,4294967295]]]],[1,"SpriteSplash",33554432,50,[[0,-681,[5,50,50]],[3,0,-682,75],[2,45,100,100,-683]]],[1,"din-bold-2",33554432,50,[[0,-684,[5,17.287967289719628,51.400000000000006]],[6,"1",40.125,30,false,1,-685,[4,4278190080],76],[4,0.5,-686,[4,4294967295]]]],[1,"SpriteSplash",33554432,51,[[0,-687,[5,50,50]],[3,0,-688,77],[2,45,100,100,-689]]],[1,"din-bold-2",33554432,51,[[0,-690,[5,17.287967289719628,51.400000000000006]],[6,"1",40.125,30,false,1,-691,[4,4278190080],78],[4,0.5,-692,[4,4294967295]]]],[1,"SpriteSplash",33554432,52,[[0,-693,[5,50,50]],[3,0,-694,79],[2,45,100,100,-695]]],[1,"din-bold-2",33554432,52,[[0,-696,[5,17.287967289719628,51.400000000000006]],[6,"1",40.125,30,false,1,-697,[4,4278190080],80],[4,0.5,-698,[4,4294967295]]]],[1,"SpriteSplash",33554432,53,[[0,-699,[5,50,50]],[3,0,-700,81],[2,45,100,100,-701]]],[1,"din-bold-2",33554432,53,[[0,-702,[5,17.287967289719628,51.400000000000006]],[6,"1",40.125,30,false,1,-703,[4,4278190080],82],[4,0.5,-704,[4,4294967295]]]],[1,"SpriteSplash",33554432,54,[[0,-705,[5,50,50]],[3,0,-706,83],[2,45,100,100,-707]]],[1,"din-bold-2",33554432,54,[[0,-708,[5,17.287967289719628,51.400000000000006]],[6,"1",40.125,30,false,1,-709,[4,4278190080],84],[4,0.5,-710,[4,4294967295]]]],[1,"SpriteSplash",33554432,55,[[0,-711,[5,50,50]],[3,0,-712,85],[2,45,100,100,-713]]],[1,"din-bold-2",33554432,55,[[0,-714,[5,17.287967289719628,51.400000000000006]],[6,"1",40.125,30,false,1,-715,[4,4278190080],86],[4,0.5,-716,[4,4294967295]]]],[1,"SpriteSplash",33554432,56,[[0,-717,[5,50,50]],[3,0,-718,87],[2,45,100,100,-719]]],[1,"din-bold-2",33554432,56,[[0,-720,[5,17.287967289719628,51.400000000000006]],[6,"1",40.125,30,false,1,-721,[4,4278190080],88],[4,0.5,-722,[4,4294967295]]]],[1,"SpriteSplash",33554432,57,[[0,-723,[5,50,50]],[3,0,-724,89],[2,45,100,100,-725]]],[1,"din-bold-2",33554432,57,[[0,-726,[5,17.287967289719628,51.400000000000006]],[6,"1",40.125,30,false,1,-727,[4,4278190080],90],[4,0.5,-728,[4,4294967295]]]],[1,"SpriteSplash",33554432,58,[[0,-729,[5,50,50]],[3,0,-730,91],[2,45,100,100,-731]]],[1,"din-bold-2",33554432,58,[[0,-732,[5,17.287967289719628,51.400000000000006]],[6,"1",40.125,30,false,1,-733,[4,4278190080],92],[4,0.5,-734,[4,4294967295]]]],[1,"SpriteSplash",33554432,59,[[0,-735,[5,50,50]],[3,0,-736,93],[2,45,100,100,-737]]],[1,"din-bold-2",33554432,59,[[0,-738,[5,17.287967289719628,51.400000000000006]],[6,"1",40.125,30,false,1,-739,[4,4278190080],94],[4,0.5,-740,[4,4294967295]]]],[1,"SpriteSplash",33554432,60,[[0,-741,[5,50,50]],[3,0,-742,95],[2,45,100,100,-743]]],[1,"din-bold-2",33554432,60,[[0,-744,[5,17.287967289719628,51.400000000000006]],[6,"1",40.125,30,false,1,-745,[4,4278190080],96],[4,0.5,-746,[4,4294967295]]]],[1,"SpriteSplash",33554432,61,[[0,-747,[5,50,50]],[3,0,-748,97],[2,45,100,100,-749]]],[1,"din-bold-2",33554432,61,[[0,-750,[5,17.287967289719628,51.400000000000006]],[6,"1",40.125,30,false,1,-751,[4,4278190080],98],[4,0.5,-752,[4,4294967295]]]],[1,"SpriteSplash",33554432,62,[[0,-753,[5,50,50]],[3,0,-754,99],[2,45,100,100,-755]]],[1,"din-bold-2",33554432,62,[[0,-756,[5,17.287967289719628,51.400000000000006]],[6,"1",40.125,30,false,1,-757,[4,4278190080],100],[4,0.5,-758,[4,4294967295]]]],[1,"SpriteSplash",33554432,63,[[0,-759,[5,50,50]],[3,0,-760,101],[2,45,100,100,-761]]],[1,"din-bold-2",33554432,63,[[0,-762,[5,17.287967289719628,51.400000000000006]],[6,"1",40.125,30,false,1,-763,[4,4278190080],102],[4,0.5,-764,[4,4294967295]]]],[1,"SpriteSplash",33554432,64,[[0,-765,[5,50,50]],[3,0,-766,103],[2,45,100,100,-767]]],[1,"din-bold-2",33554432,64,[[0,-768,[5,17.287967289719628,51.400000000000006]],[6,"1",40.125,30,false,1,-769,[4,4278190080],104],[4,0.5,-770,[4,4294967295]]]],[1,"SpriteSplash",33554432,10,[[0,-771,[5,50,50]],[3,0,-772,106],[2,45,100,100,-773]]],[1,"din-bold-2",33554432,10,[[0,-774,[5,17.287967289719628,51.400000000000006]],[6,"1",40.125,30,false,1,-775,[4,4278190080],107],[4,0.5,-776,[4,4294967295]]]],[1,"SpriteSplash",33554432,65,[[0,-777,[5,780,60]],[3,0,-778,109],[2,45,100,100,-779]]],[12,"Ball - 000",33554432,4,[66],[[0,-780,[5,50,50]]],[1,364,0,0]],[1,"din-bold-2",33554432,66,[[0,-781,[5,15.659982841705608,43.839999999999996]],[11,"1",36.1125,27,34,false,1,-782,[4,4278190080],110],[4,0.5,-783,[4,4294967295]]]],[1,"din-bold-2",33554432,67,[[0,-784,[5,15.659982841705608,43.839999999999996]],[11,"1",36.1125,27,34,false,1,-785,[4,4278190080],112],[4,0.5,-786,[4,4294967295]]]],[1,"din-bold-2",33554432,68,[[0,-787,[5,15.659982841705608,43.839999999999996]],[11,"1",36.1125,27,34,false,1,-788,[4,4278190080],114],[4,0.5,-789,[4,4294967295]]]],[1,"din-bold-2",33554432,69,[[0,-790,[5,15.659982841705608,43.839999999999996]],[11,"1",36.1125,27,34,false,1,-791,[4,4278190080],116],[4,0.5,-792,[4,4294967295]]]],[1,"din-bold-2",33554432,70,[[0,-793,[5,15.659982841705608,43.839999999999996]],[11,"1",36.1125,27,34,false,1,-794,[4,4278190080],118],[4,0.5,-795,[4,4294967295]]]],[1,"din-bold-2",33554432,71,[[0,-796,[5,15.659982841705608,43.839999999999996]],[11,"1",36.1125,27,34,false,1,-797,[4,4278190080],120],[4,0.5,-798,[4,4294967295]]]],[1,"din-bold-2",33554432,72,[[0,-799,[5,15.659982841705608,43.839999999999996]],[11,"1",36.1125,27,34,false,1,-800,[4,4278190080],122],[4,0.5,-801,[4,4294967295]]]],[1,"din-bold-2",33554432,73,[[0,-802,[5,15.659982841705608,43.839999999999996]],[11,"1",36.1125,27,34,false,1,-803,[4,4278190080],124],[4,0.5,-804,[4,4294967295]]]],[1,"din-bold-2",33554432,74,[[0,-805,[5,15.659982841705608,43.839999999999996]],[11,"1",36.1125,27,34,false,1,-806,[4,4278190080],126],[4,0.5,-807,[4,4294967295]]]],[1,"din-bold-2",33554432,75,[[0,-808,[5,15.659982841705608,43.839999999999996]],[11,"1",36.1125,27,34,false,1,-809,[4,4278190080],128],[4,0.5,-810,[4,4294967295]]]],[1,"din-bold-2",33554432,76,[[0,-811,[5,15.659982841705608,43.839999999999996]],[11,"1",36.1125,27,34,false,1,-812,[4,4278190080],130],[4,0.5,-813,[4,4294967295]]]],[1,"din-bold-2",33554432,77,[[0,-814,[5,15.659982841705608,43.839999999999996]],[11,"1",36.1125,27,34,false,1,-815,[4,4278190080],132],[4,0.5,-816,[4,4294967295]]]],[1,"din-bold-2",33554432,78,[[0,-817,[5,15.659982841705608,43.839999999999996]],[11,"1",36.1125,27,34,false,1,-818,[4,4278190080],134],[4,0.5,-819,[4,4294967295]]]],[1,"din-bold-2",33554432,79,[[0,-820,[5,15.659982841705608,43.839999999999996]],[11,"1",36.1125,27,34,false,1,-821,[4,4278190080],136],[4,0.5,-822,[4,4294967295]]]],[1,"din-bold-2",33554432,80,[[0,-823,[5,15.659982841705608,43.839999999999996]],[11,"1",36.1125,27,34,false,1,-824,[4,4278190080],138],[4,0.5,-825,[4,4294967295]]]],[15,"tube-001",33554432,6,[[0,-826,[5,212,499]],[24,-827,[4,3472883711],105]],[1,-5.736,24.601,0],[1,0.6,0.9,1]],[1,"layout",33554432,6,[[30,-828]]],[15,"tube",33554432,6,[[0,-829,[5,212,499]],[24,-830,[4,1728053247],108]],[1,-5.736,24.601,0],[1,0.6,0.9,1]],[40,65,4,189],[12,"Ball - 001",33554432,4,[67],[[0,-831,[5,50,50]]],[1,312,0,0]],[12,"Ball - 002",33554432,4,[68],[[0,-832,[5,50,50]]],[1,260,0,0]],[12,"Ball - 003",33554432,4,[69],[[0,-833,[5,50,50]]],[1,208,0,0]],[12,"Ball - 004",33554432,4,[70],[[0,-834,[5,50,50]]],[1,156,0,0]],[12,"Ball - 005",33554432,4,[71],[[0,-835,[5,50,50]]],[1,104,0,0]],[12,"Ball - 006",33554432,4,[72],[[0,-836,[5,50,50]]],[1,52,0,0]],[28,"Ball - 007",33554432,4,[73],[[0,-837,[5,50,50]]]],[12,"Ball - 008",33554432,4,[74],[[0,-838,[5,50,50]]],[1,-52,0,0]],[12,"Ball - 009",33554432,4,[75],[[0,-839,[5,50,50]]],[1,-104,0,0]],[12,"Ball - 010",33554432,4,[76],[[0,-840,[5,50,50]]],[1,-156,0,0]],[12,"Ball - 011",33554432,4,[77],[[0,-841,[5,50,50]]],[1,-208,0,0]],[12,"Ball - 012",33554432,4,[78],[[0,-842,[5,50,50]]],[1,-260,0,0]],[12,"Ball - 013",33554432,4,[79],[[0,-843,[5,50,50]]],[1,-312,0,0]],[12,"Ball - 014",33554432,4,[80],[[0,-844,[5,50,50]]],[1,-364,0,0]],[15,"bg",33554432,5,[[0,-845,[5,1024,1024]],[39,-846,140]],[1,-108.924,0,0],[1,0.8,0.8,1]],[22,"Glass",33554432,5,[[0,-847,[5,620,620]],[14,0,-848,[4,2583691263],141]],[1,-92,-120,0]],[22,"Glass-001",33554432,5,[[0,-849,[5,620,620]],[14,0,-850,[4,2768240639],142]],[1,-92,-120,0]],[15,"desktop",33554432,5,[[0,-851,[5,359.544,936.8271145038167]],[3,0,-852,143]],[1,390.114,21.706999999999994,0],[1,0.5,0.5,1]],[41,"scene2_2",[5],[42,[43,[2,0,0,0,0.520833125],[2,0,0,0,0]],[44,[4,4283190348],[0,512,512]],[45],[46],[47],[48],[49],[50]]],[1,"Main",33554432,5,[[51,-857,[-854,-855,-856],-853,208]]],[52,7,2],[25,18,8,1],[25,36,9,3],[53,6,206,10,208],[29,"Camera",5,[-858],[1,0,0,1000]],[54,0,243.73831775700936,0,1108344832,233,[4,4278190080]]],0,[0,0,1,0,0,1,0,-1,30,0,-2,31,0,-3,32,0,-4,33,0,-5,34,0,-6,35,0,-7,36,0,-8,37,0,-9,38,0,-10,39,0,-11,40,0,-12,41,0,-13,42,0,-14,43,0,-15,44,0,-16,45,0,-17,46,0,-18,47,0,0,2,0,0,2,0,-1,12,0,-2,13,0,-3,14,0,-4,15,0,-5,16,0,-6,17,0,-7,18,0,-8,19,0,-9,20,0,-10,21,0,-11,22,0,-12,23,0,-13,24,0,-14,25,0,-15,26,0,-16,27,0,-17,28,0,0,3,0,0,3,0,-1,49,0,-2,50,0,-3,51,0,-4,52,0,-5,53,0,-6,54,0,-7,55,0,-8,56,0,-9,57,0,-10,58,0,-11,59,0,-12,60,0,-13,61,0,-14,62,0,-15,63,0,-16,64,0,0,4,0,0,4,0,0,4,0,-1,189,0,-2,209,0,-3,210,0,-4,211,0,-5,212,0,-6,213,0,-7,214,0,-8,215,0,-9,216,0,-10,217,0,-11,218,0,-12,219,0,-13,220,0,-14,221,0,-15,222,0,0,5,0,5,234,0,0,5,0,0,5,0,-1,228,0,-2,233,0,-3,223,0,-4,224,0,-5,7,0,-6,8,0,-7,9,0,-8,225,0,-9,226,0,-10,6,0,-11,65,0,0,6,0,0,6,0,0,6,0,-4,232,0,-1,205,0,-2,10,0,-3,206,0,-4,207,0,0,7,0,0,7,0,0,7,0,0,7,0,-5,229,0,-1,11,0,0,8,0,0,8,0,0,8,0,0,8,0,-5,230,0,-1,29,0,0,9,0,0,9,0,0,9,0,0,9,0,-5,231,0,-1,48,0,0,10,0,0,10,0,0,10,0,-1,186,0,-2,187,0,0,11,0,0,11,0,0,11,0,0,11,0,-1,81,0,0,12,0,0,12,0,0,12,0,-1,82,0,-2,83,0,0,13,0,0,13,0,0,13,0,-1,84,0,-2,85,0,0,14,0,0,14,0,0,14,0,-1,86,0,-2,87,0,0,15,0,0,15,0,0,15,0,-1,88,0,-2,89,0,0,16,0,0,16,0,0,16,0,-1,90,0,-2,91,0,0,17,0,0,17,0,0,17,0,-1,92,0,-2,93,0,0,18,0,0,18,0,0,18,0,-1,94,0,-2,95,0,0,19,0,0,19,0,0,19,0,-1,96,0,-2,97,0,0,20,0,0,20,0,0,20,0,-1,98,0,-2,99,0,0,21,0,0,21,0,0,21,0,-1,100,0,-2,101,0,0,22,0,0,22,0,0,22,0,-1,102,0,-2,103,0,0,23,0,0,23,0,0,23,0,-1,104,0,-2,105,0,0,24,0,0,24,0,0,24,0,-1,106,0,-2,107,0,0,25,0,0,25,0,0,25,0,-1,108,0,-2,109,0,0,26,0,0,26,0,0,26,0,-1,110,0,-2,111,0,0,27,0,0,27,0,0,27,0,-1,112,0,-2,113,0,0,28,0,0,28,0,0,28,0,-1,114,0,-2,115,0,0,29,0,0,29,0,0,29,0,0,29,0,-1,116,0,0,30,0,0,30,0,0,30,0,-1,117,0,-2,118,0,0,31,0,0,31,0,0,31,0,-1,119,0,-2,120,0,0,32,0,0,32,0,0,32,0,-1,121,0,-2,122,0,0,33,0,0,33,0,0,33,0,-1,123,0,-2,124,0,0,34,0,0,34,0,0,34,0,-1,125,0,-2,126,0,0,35,0,0,35,0,0,35,0,-1,127,0,-2,128,0,0,36,0,0,36,0,0,36,0,-1,129,0,-2,130,0,0,37,0,0,37,0,0,37,0,-1,131,0,-2,132,0,0,38,0,0,38,0,0,38,0,-1,133,0,-2,134,0,0,39,0,0,39,0,0,39,0,-1,135,0,-2,136,0,0,40,0,0,40,0,0,40,0,-1,137,0,-2,138,0,0,41,0,0,41,0,0,41,0,-1,139,0,-2,140,0,0,42,0,0,42,0,0,42,0,-1,141,0,-2,142,0,0,43,0,0,43,0,0,43,0,-1,143,0,-2,144,0,0,44,0,0,44,0,0,44,0,-1,145,0,-2,146,0,0,45,0,0,45,0,0,45,0,-1,147,0,-2,148,0,0,46,0,0,46,0,0,46,0,-1,149,0,-2,150,0,0,47,0,0,47,0,0,47,0,-1,151,0,-2,152,0,0,48,0,0,48,0,0,48,0,0,48,0,-1,153,0,0,49,0,0,49,0,0,49,0,-1,154,0,-2,155,0,0,50,0,0,50,0,0,50,0,-1,156,0,-2,157,0,0,51,0,0,51,0,0,51,0,-1,158,0,-2,159,0,0,52,0,0,52,0,0,52,0,-1,160,0,-2,161,0,0,53,0,0,53,0,0,53,0,-1,162,0,-2,163,0,0,54,0,0,54,0,0,54,0,-1,164,0,-2,165,0,0,55,0,0,55,0,0,55,0,-1,166,0,-2,167,0,0,56,0,0,56,0,0,56,0,-1,168,0,-2,169,0,0,57,0,0,57,0,0,57,0,-1,170,0,-2,171,0,0,58,0,0,58,0,0,58,0,-1,172,0,-2,173,0,0,59,0,0,59,0,0,59,0,-1,174,0,-2,175,0,0,60,0,0,60,0,0,60,0,-1,176,0,-2,177,0,0,61,0,0,61,0,0,61,0,-1,178,0,-2,179,0,0,62,0,0,62,0,0,62,0,-1,180,0,-2,181,0,0,63,0,0,63,0,0,63,0,-1,182,0,-2,183,0,0,64,0,0,64,0,0,64,0,-1,184,0,-2,185,0,0,65,0,0,65,0,-3,208,0,-1,188,0,0,66,0,0,66,0,0,66,0,-1,190,0,0,67,0,0,67,0,0,67,0,-1,191,0,0,68,0,0,68,0,0,68,0,-1,192,0,0,69,0,0,69,0,0,69,0,-1,193,0,0,70,0,0,70,0,0,70,0,-1,194,0,0,71,0,0,71,0,0,71,0,-1,195,0,0,72,0,0,72,0,0,72,0,-1,196,0,0,73,0,0,73,0,0,73,0,-1,197,0,0,74,0,0,74,0,0,74,0,-1,198,0,0,75,0,0,75,0,0,75,0,-1,199,0,0,76,0,0,76,0,0,76,0,-1,200,0,0,77,0,0,77,0,0,77,0,-1,201,0,0,78,0,0,78,0,0,78,0,-1,202,0,0,79,0,0,79,0,0,79,0,-1,203,0,0,80,0,0,80,0,0,80,0,-1,204,0,0,81,0,0,81,0,0,81,0,0,82,0,0,82,0,0,82,0,0,83,0,0,83,0,0,83,0,0,84,0,0,84,0,0,84,0,0,85,0,0,85,0,0,85,0,0,86,0,0,86,0,0,86,0,0,87,0,0,87,0,0,87,0,0,88,0,0,88,0,0,88,0,0,89,0,0,89,0,0,89,0,0,90,0,0,90,0,0,90,0,0,91,0,0,91,0,0,91,0,0,92,0,0,92,0,0,92,0,0,93,0,0,93,0,0,93,0,0,94,0,0,94,0,0,94,0,0,95,0,0,95,0,0,95,0,0,96,0,0,96,0,0,96,0,0,97,0,0,97,0,0,97,0,0,98,0,0,98,0,0,98,0,0,99,0,0,99,0,0,99,0,0,100,0,0,100,0,0,100,0,0,101,0,0,101,0,0,101,0,0,102,0,0,102,0,0,102,0,0,103,0,0,103,0,0,103,0,0,104,0,0,104,0,0,104,0,0,105,0,0,105,0,0,105,0,0,106,0,0,106,0,0,106,0,0,107,0,0,107,0,0,107,0,0,108,0,0,108,0,0,108,0,0,109,0,0,109,0,0,109,0,0,110,0,0,110,0,0,110,0,0,111,0,0,111,0,0,111,0,0,112,0,0,112,0,0,112,0,0,113,0,0,113,0,0,113,0,0,114,0,0,114,0,0,114,0,0,115,0,0,115,0,0,115,0,0,116,0,0,116,0,0,116,0,0,117,0,0,117,0,0,117,0,0,118,0,0,118,0,0,118,0,0,119,0,0,119,0,0,119,0,0,120,0,0,120,0,0,120,0,0,121,0,0,121,0,0,121,0,0,122,0,0,122,0,0,122,0,0,123,0,0,123,0,0,123,0,0,124,0,0,124,0,0,124,0,0,125,0,0,125,0,0,125,0,0,126,0,0,126,0,0,126,0,0,127,0,0,127,0,0,127,0,0,128,0,0,128,0,0,128,0,0,129,0,0,129,0,0,129,0,0,130,0,0,130,0,0,130,0,0,131,0,0,131,0,0,131,0,0,132,0,0,132,0,0,132,0,0,133,0,0,133,0,0,133,0,0,134,0,0,134,0,0,134,0,0,135,0,0,135,0,0,135,0,0,136,0,0,136,0,0,136,0,0,137,0,0,137,0,0,137,0,0,138,0,0,138,0,0,138,0,0,139,0,0,139,0,0,139,0,0,140,0,0,140,0,0,140,0,0,141,0,0,141,0,0,141,0,0,142,0,0,142,0,0,142,0,0,143,0,0,143,0,0,143,0,0,144,0,0,144,0,0,144,0,0,145,0,0,145,0,0,145,0,0,146,0,0,146,0,0,146,0,0,147,0,0,147,0,0,147,0,0,148,0,0,148,0,0,148,0,0,149,0,0,149,0,0,149,0,0,150,0,0,150,0,0,150,0,0,151,0,0,151,0,0,151,0,0,152,0,0,152,0,0,152,0,0,153,0,0,153,0,0,153,0,0,154,0,0,154,0,0,154,0,0,155,0,0,155,0,0,155,0,0,156,0,0,156,0,0,156,0,0,157,0,0,157,0,0,157,0,0,158,0,0,158,0,0,158,0,0,159,0,0,159,0,0,159,0,0,160,0,0,160,0,0,160,0,0,161,0,0,161,0,0,161,0,0,162,0,0,162,0,0,162,0,0,163,0,0,163,0,0,163,0,0,164,0,0,164,0,0,164,0,0,165,0,0,165,0,0,165,0,0,166,0,0,166,0,0,166,0,0,167,0,0,167,0,0,167,0,0,168,0,0,168,0,0,168,0,0,169,0,0,169,0,0,169,0,0,170,0,0,170,0,0,170,0,0,171,0,0,171,0,0,171,0,0,172,0,0,172,0,0,172,0,0,173,0,0,173,0,0,173,0,0,174,0,0,174,0,0,174,0,0,175,0,0,175,0,0,175,0,0,176,0,0,176,0,0,176,0,0,177,0,0,177,0,0,177,0,0,178,0,0,178,0,0,178,0,0,179,0,0,179,0,0,179,0,0,180,0,0,180,0,0,180,0,0,181,0,0,181,0,0,181,0,0,182,0,0,182,0,0,182,0,0,183,0,0,183,0,0,183,0,0,184,0,0,184,0,0,184,0,0,185,0,0,185,0,0,185,0,0,186,0,0,186,0,0,186,0,0,187,0,0,187,0,0,187,0,0,188,0,0,188,0,0,188,0,0,189,0,0,190,0,0,190,0,0,190,0,0,191,0,0,191,0,0,191,0,0,192,0,0,192,0,0,192,0,0,193,0,0,193,0,0,193,0,0,194,0,0,194,0,0,194,0,0,195,0,0,195,0,0,195,0,0,196,0,0,196,0,0,196,0,0,197,0,0,197,0,0,197,0,0,198,0,0,198,0,0,198,0,0,199,0,0,199,0,0,199,0,0,200,0,0,200,0,0,200,0,0,201,0,0,201,0,0,201,0,0,202,0,0,202,0,0,202,0,0,203,0,0,203,0,0,203,0,0,204,0,0,204,0,0,204,0,0,205,0,0,205,0,0,206,0,0,207,0,0,207,0,0,209,0,0,210,0,0,211,0,0,212,0,0,213,0,0,214,0,0,215,0,0,216,0,0,217,0,0,218,0,0,219,0,0,220,0,0,221,0,0,222,0,0,223,0,0,223,0,0,224,0,0,224,0,0,225,0,0,225,0,0,226,0,0,226,0,6,232,0,-1,229,0,-2,230,0,-3,231,0,0,228,0,-1,234,0,7,227,1,3,8,2,3,7,3,3,9,4,3,65,5,3,227,66,3,189,67,3,209,68,3,210,69,3,211,70,3,212,71,3,213,72,3,214,73,3,215,74,3,216,75,3,217,76,3,218,77,3,219,78,3,220,79,3,221,80,3,222,858],[0,0,0,0,0,0,0,0,0,0,0,0,0,0,0,0,0,0,0,0,0,0,0,0,0,0,0,0,0,0,0,0,0,0,0,0,0,0,0,0,0,0,0,0,0,0,0,0,0,0,0,0,0,0,0,0,0,0,0,0,0,0,0,0,0,0,0,0,0,0,0,0,0,0,0,0,0,0,0,0,0,0,0,0,0,0,0,0,0,0,0,0,0,0,0,0,0,0,0,0,0,0,0,0,0,0,0,0,0,0,0,0,0,0,0,0,0,0,0,0,0,0,0,0,0,0,0,0,0,0,0,0,0,0,0,0,0,0,0,0,0,0,0,0],[1,1,2,1,2,1,2,1,2,1,2,1,2,1,2,1,2,1,2,1,2,1,2,1,2,1,2,1,2,1,2,1,2,1,2,1,1,2,1,2,1,2,1,2,1,2,1,2,1,2,1,2,1,2,1,2,1,2,1,2,1,2,1,2,1,2,1,2,1,2,1,2,1,1,2,1,2,1,2,1,2,1,2,1,2,1,2,1,2,1,2,1,2,1,2,1,2,1,2,1,2,1,2,1,2,1,1,2,1,1,2,1,2,1,2,1,2,1,2,1,2,1,2,1,2,1,2,1,2,1,2,1,2,1,2,1,2,1,2,1,1,1,1,1],[2,0,1,0,1,0,1,0,1,0,1,0,1,0,1,0,1,0,1,0,1,0,1,0,1,0,1,0,1,0,1,0,1,0,1,2,0,1,0,1,0,1,0,1,0,1,0,1,0,1,0,1,0,1,0,1,0,1,0,1,0,1,0,1,0,1,0,1,0,1,0,1,2,0,1,0,1,0,1,0,1,0,1,0,1,0,1,0,1,0,1,0,1,0,1,0,1,0,1,0,1,0,1,0,1,3,0,1,3,2,1,0,1,0,1,0,1,0,1,0,1,0,1,0,1,0,1,0,1,0,1,0,1,0,1,0,1,0,1,0,8,4,4,9]],[[{"fmt":"0","w":0,"h":0},-1],[1],0,[],[],[]],[[{"base":"2,2,2,2,0,0","mipmaps":["54QH/cJjhLQIdR/i/XJyYI"]}],[2],0,[],[],[]],[[{"name":"tube","rect":{"x":1,"y":0,"width":211,"height":499},"offset":{"x":0,"y":0},"originalSize":{"width":213,"height":499},"rotated":false,"capInsets":[0,0,0,0],"vertices":{"rawPosition":[-105.5,-249.5,0,105.5,-249.5,0,-105.5,249.5,0,105.5,249.5,0],"indexes":[0,1,2,2,1,3],"uv":[1,499,212,499,1,0,212,0],"nuv":[0.004694835680751174,0,0.9953051643192489,0,0.004694835680751174,1,0.9953051643192489,1],"minPos":{"x":-105.5,"y":-249.5,"z":0},"maxPos":{"x":105.5,"y":249.5,"z":0}},"packable":true,"pixelsToUnit":100,"pivot":{"x":0.5,"y":0.5},"meshType":0}],[3],0,[0],[4],[10]],[[{"fmt":"0","w":0,"h":0},-1],[1],0,[],[],[]],[[{"base":"2,2,2,2,0,0","mipmaps":["7dj5uJT9FMn6OrOOx83tfK"]}],[2],0,[],[],[]],[[{"name":"default_sprite_splash","rect":{"x":0,"y":0,"width":2,"height":2},"offset":{"x":0,"y":0},"originalSize":{"width":2,"height":2},"rotated":false,"capInsets":[0,0,0,0],"vertices":{"rawPosition":[-1,-1,0,1,-1,0,-1,1,0,1,1,0],"indexes":[0,1,2,2,1,3],"uv":[0,2,2,2,0,0,2,0],"nuv":[0,0,1,0,0,1,1,1],"minPos":{"x":-1,"y":-1,"z":0},"maxPos":{"x":1,"y":1,"z":0}},"packable":true,"pixelsToUnit":100,"pivot":{"x":0.5,"y":0.5},"meshType":0}],[3],0,[0],[4],[11]],[[{"fmt":"0","w":0,"h":0},-1],[1],0,[],[],[]],[[{"base":"2,2,2,2,0,0","mipmaps":["86Nf1utaFF3plUXgFHObv5"]}],[2],0,[],[],[]],[[{"name":"m2","rect":{"x":0,"y":0,"width":393,"height":1024},"offset":{"x":0,"y":0},"originalSize":{"width":393,"height":1024},"rotated":false,"capInsets":[0,0,0,0],"vertices":{"rawPosition":[-196.5,-512,0,196.5,-512,0,-196.5,512,0,196.5,512,0],"indexes":[0,1,2,2,1,3],"uv":[0,1024,393,1024,0,0,393,0],"nuv":[0,0,1,0,0,1,1,1],"minPos":{"x":-196.5,"y":-512,"z":0},"maxPos":{"x":196.5,"y":512,"z":0}},"packable":true,"pixelsToUnit":100,"pivot":{"x":0.5,"y":0.5},"meshType":0}],[3],0,[0],[4],[12]],[[[55,"din-bold-2","din-bold-2.ttf"],-1],0,0,[],[],[]],[[[56,"default-physics-material",0.8,0.1,0.1,0.1]],0,0,[],[],[]],[[[57,[[58,"ShadowFlow",[[59,"ShadowStage"]]],[60,"ForwardFlow",1,[[61,"ForwardStage",[[62,["default"]],[63,true,1,["default"]]]]]]]]],0,0,[],[],[]]]]
